{
  "logistic_regression": {
    "accuracy": 0.4384247666742545,
    "f1": 0.4302129283505196,
    "precision": 0.43329733169896223,
    "recall": 0.4384247666742545
  },
  "svm_rbf": {
    "accuracy": 0.408604598224448,
    "f1": 0.3967810333833185,
    "precision": 0.4137273765649698,
    "recall": 0.408604598224448
  },
  "svm_linear": {
    "accuracy": 0.46847256999772363,
    "f1": 0.4616630208632073,
    "precision": 0.46382992495839315,
    "recall": 0.46847256999772363
  },
  "dense_mlp": {
    "accuracy": 0.05303892556339631,
    "f1": 0.005342874905435081,
    "precision": 0.0028131276249194945,
    "recall": 0.05303892556339631
  }
}