{
  "logistic_regression": {
    "accuracy": 0.41509433962264153,
    "f1": 0.408764362799742,
    "precision": 0.40727559258834106,
    "recall": 0.41509433962264153
  },
  "svm_rbf": {
    "accuracy": 0.3221186633325756,
    "f1": 0.30271307868758535,
    "precision": 0.33851607665186884,
    "recall": 0.3221186633325756
  },
  "svm_linear": {
    "accuracy": 0.42600591043418956,
    "f1": 0.423548685467143,
    "precision": 0.4273398171871775,
    "recall": 0.42600591043418956
  },
  "dense_mlp": {
    "accuracy": 0.04410093203000682,
    "f1": 0.003725486964433409,
    "precision": 0.0019448922059152813,
    "recall": 0.04410093203000682
  }
}